<?xml version="1.0" encoding="UTF-8"?>
<jahia:categories xmlns:jahia="http://www.jahia.org/">
    <jahia:category jahia:key="root">
        <jahia:category jahia:key="cat1" jahia:title_de="Kategorie 1" jahia:title_fr="Category 1" jahia:title_en="Category 1">
            <jahia:category jahia:key="cat1.1" jahia:title_de="Kategorie 1.1" jahia:title_fr="Category 1.1" jahia:title_en="Category 1.1"></jahia:category>
            <jahia:category jahia:key="cat1.2" jahia:title_de="Kategorie 1.2" jahia:title_fr="Category 1.2" jahia:title_en="Category 1.2"></jahia:category>
        </jahia:category>
        <jahia:category jahia:key="cat2" jahia:title_de="Kategorie 2" jahia:title_fr="Category 2" jahia:title_en="Category 2">
            <jahia:category jahia:key="cat2.1" jahia:title_de="Kategorie 2.1" jahia:title_fr="Category 2.1" jahia:title_en="Category 2.1"></jahia:category>
            <jahia:category jahia:key="cat2.2" jahia:title_de="Kategorie 2.2" jahia:title_fr="Category 2.2" jahia:title_en="Category 2.2"></jahia:category>
        </jahia:category>
    </jahia:category>
</jahia:categories>

