<?xml version="1.0" encoding="UTF-8"?>
<content xmlns:jcr="http://www.jcp.org/jcr/1.0" xmlns:nt="http://www.jcp.org/jcr/nt/1.0" xmlns:jnt="http://www.jahia.org/jahia/nt/1.0" xmlns:test="http://www.apache.org/jackrabbit/test" xmlns:sv="http://www.jcp.org/jcr/sv/1.0" xmlns:jmix="http://www.jahia.org/jahia/mix/1.0" xmlns:j="http://www.jahia.org/jahia/1.0" xmlns:mix="http://www.jcp.org/jcr/mix/1.0" xmlns:rep="internal">
  <templateSets jcr:primaryType="jnt:templateSets">
    <blog j:siteType="module" j:wcagCompliance="true" jcr:mixinTypes="jmix:sitemap" jcr:primaryType="jnt:virtualsite" changefreq="monthly" j:installedModules="blog" priority="0.5">
      <templates jcr:primaryType="jnt:templatesFolder">
        <base jcr:mixinTypes="jmix:theme" jcr:primaryType="jnt:template" j:view="apps">
          <blog-home jcr:primaryType="jnt:pageTemplate">
            <pagecontent jcr:primaryType="jnt:contentList">
              <row column="2col115" jcr:primaryType="jnt:row" />
            </pagecontent>
            <row-col1 jcr:mixinTypes="jmix:style" jcr:primaryType="jnt:contentList" j:style="black">
              <j:translation_en jcr:language="en" jcr:primaryType="jnt:translation" />
              <create-new-blog j:skin="skins.box8" jcr:mixinTypes="jmix:style jmix:skinnable" jcr:primaryType="jnt:contentList" j:style="blue">
                <j:translation_en jcr:language="en" jcr:mixinTypes="mix:title" jcr:title="Create new blog" jcr:primaryType="jnt:translation" />
                <new-blog jcr:mixinTypes="jmix:requiredPermissions" j:requiredPermissions="/permissions/actions/blog/createNewBlog" templateNode="/templateSets/blog/templates/base/blog" j:requiredMode="live" buttonLabel="create" jcr:primaryType="jnt:pageFormCreation" j:requireLoggedUser="true">
                  <j:translation_en jcr:language="en" jcr:mixinTypes="mix:title" jcr:title="New Blog" jcr:primaryType="jnt:translation" />
                </new-blog>
              </create-new-blog>
              <topBlog j:skin="skins.box8" jcr:mixinTypes="jmix:style jmix:cache jmix:requiredPermissions jmix:skinnable" j:subNodesView="blogList" j:requiredMode="live" jcr:primaryType="jnt:topBlog" j:requireLoggedUser="false" j:style="grey" j:perUser="false" j:expiration="900">
                <j:translation_en jcr:language="en" jcr:mixinTypes="mix:title" jcr:title="Top Blog" jcr:primaryType="jnt:translation" />
              </topBlog>
              <list jcr:mixinTypes="jmix:renderable jmix:columns" jcr:primaryType="jnt:contentList" j:view="columns" j:columns="2">
                <j:translation_en jcr:language="en" jcr:mixinTypes="mix:title" jcr:title="list" jcr:primaryType="jnt:translation" />
                <top-content j:skin="skins.box8" jcr:mixinTypes="jmix:skinnable jmix:style" jcr:primaryType="jnt:contentList" j:style="grey">
                  <j:translation_en jcr:language="en" jcr:mixinTypes="mix:title" jcr:title="Top Blog Content" jcr:primaryType="jnt:translation" />
                  <topBlogContent jcr:mixinTypes="jmix:cache jmix:renderable jmix:listOrdered jmix:columns" j:subNodesView="blogList" jcr:primaryType="jnt:topBlogContent" j:view="unordered" j:className="simple" j:perUser="false" j:expiration="900" />
                </top-content>
                <top-blog-coment j:skin="skins.box8" jcr:mixinTypes="jmix:style jmix:skinnable" jcr:primaryType="jnt:contentList" j:style="grey">
                  <j:translation_en jcr:language="en" jcr:mixinTypes="mix:title" jcr:title="Top blog Coment" jcr:primaryType="jnt:translation" />
                  <topBlogComment jcr:mixinTypes="jmix:renderable jmix:listOrdered jmix:cache" j:subNodesView="blogList" jcr:primaryType="jnt:topBlogComment" j:className="simple" j:view="unordered" j:perUser="false" j:expiration="900" />
                </top-blog-coment>
              </list>
            </row-col1>
            <row-col2 jcr:primaryType="jnt:contentList">
              <jahiapp-blog-logo.png j:node="/templateSets/blog/templates/files/jahiapp-blog-logo.png" jcr:primaryType="jnt:imageReference">
                <j:translation_en jcr:language="en" j:alternateText="jahiapp blog logo" jcr:primaryType="jnt:translation" />
              </jahiapp-blog-logo.png>
            </row-col2>
          </blog-home>
          <blog jcr:primaryType="jnt:pageTemplate">
            <pagecontent jcr:primaryType="jnt:contentList">
              <pageTitle jcr:primaryType="jnt:pageTitle" />
              <row column="2col115" jcr:primaryType="jnt:row" />
            </pagecontent>
            <row-col1 j:skin="skins.box8" jcr:mixinTypes="jmix:skinnable jmix:style" jcr:primaryType="jnt:contentList" j:style="blue">
              <blog-content firstField="jcr:created" jcr:mixinTypes="jmix:requiredPermissions jmix:orderedList" j:subNodesView="short" secondDirection="asc" j:requiredMode="live" jcr:primaryType="jnt:area" firstDirection="desc" j:allowedTypes="jnt:blogContent" thirdDirection="asc" />
              <j:translation_en jcr:language="en" jcr:mixinTypes="mix:title" jcr:title="Blog List" jcr:primaryType="jnt:translation" />
            </row-col1>
            <row-col2 jcr:mixinTypes="jmix:style" jcr:primaryType="jnt:contentList">
              <Welcome-message jcr:primaryType="jnt:area" j:allowedTypes="jnt:bigText" />
              <jahiapp-blog-logo.png j:node="/templateSets/blog/templates/base/blog-home/row-col2/jahiapp-blog-logo.png" jcr:primaryType="jnt:contentReference" />
              <addBlogLink jcr:mixinTypes="jmix:requiredPermissions" j:requiredPermissions="/permissions/actions/blog/addBlogEntry" j:requiredMode="live" jcr:primaryType="jnt:addBlogLink" />
              <contentList j:skin="skins.box6" jcr:mixinTypes="jmix:style jmix:skinnable" jcr:primaryType="jnt:contentList" j:style="blue">
                <authorDisplay j:userView="blog" jcr:primaryType="jnt:authorDisplay" />
              </contentList>
              <calendar startDateProperty="jcr:created" endDateProperty="jcr:created" jcr:primaryType="jnt:calendar" j:bindedComponent="/templateSets/blog/templates/base/blog/row-col1/blog-content" />
              <facets jcr:mixinTypes="jmix:cache" jcr:primaryType="jnt:facets" j:bindedComponent="/templateSets/blog/templates/base/blog/row-col1/blog-content" j:perUser="false" j:expiration="900">
                <fieldFacet mincount="1" field="jmix:tagged;j:tags" jcr:primaryType="jnt:fieldFacet" missing="false" facet="tags" offset="0" sort="true" limit="100">
                  <j:translation_en label="Tags" jcr:language="en" jcr:primaryType="jnt:translation" />
                </fieldFacet>
              </facets>
              <last-comments j:skin="skins.box8" jcr:mixinTypes="jmix:style jmix:skinnable" jcr:primaryType="jnt:contentList" j:style="grey">
                <j:translation_en jcr:language="en" jcr:mixinTypes="mix:title" jcr:title="Last comments" jcr:primaryType="jnt:translation" />
                <topBlogComment jcr:mixinTypes="jmix:cache jmix:renderable jmix:requiredPermissions jmix:listOrdered" j:subNodesView="blogList" j:requiredMode="live" jcr:primaryType="jnt:topBlogComment" j:requireLoggedUser="false" j:className="simple" j:view="unordered" j:perUser="false" j:expiration="900" />
              </last-comments>
            </row-col2>
            <illustration jcr:primaryType="jnt:contentList">
              <illustration j:level="1" jcr:primaryType="jnt:levelAbsoluteArea" j:allowedTypes="jnt:imageReference" />
            </illustration>
          </blog>
          <blog-edit j:requiredPermissions="/permissions/actions/blog/editBlogEntry" jcr:primaryType="jnt:contentTemplate" j:applyOn="jnt:blogContent">
            <pagecontent jcr:primaryType="jnt:contentList">
              <row column="2col115" jcr:primaryType="jnt:row" />
            </pagecontent>
            <row-col1 j:skin="skins.box8" jcr:mixinTypes="jmix:skinnable jmix:style" jcr:primaryType="jnt:contentList" j:style="blue">
              <j:translation_en jcr:language="en" jcr:mixinTypes="mix:title" jcr:title="Blog edit" jcr:primaryType="jnt:translation" />
              <edit jcr:mixinTypes="jmix:requiredPermissions" j:requiredMode="live" jcr:primaryType="jnt:blogEntryFormEdition" j:requireLoggedUser="false">
                <j:translation_en jcr:language="en" jcr:mixinTypes="mix:title" jcr:title="Edit" jcr:primaryType="jnt:translation" />
              </edit>
            </row-col1>
            <row-col2 jcr:primaryType="jnt:contentList">
              <jahiapp-blog-logo.png j:node="/templateSets/blog/templates/base/blog-home/row-col2/jahiapp-blog-logo.png" jcr:primaryType="jnt:contentReference" />
            </row-col2>
          </blog-edit>
          <blog-content jcr:primaryType="jnt:contentTemplate" j:applyOn="jnt:blogContent" j:defaultTemplate="true">
            <pagecontent jcr:primaryType="jnt:contentList">
              <row column="2col115" jcr:primaryType="jnt:row" />
            </pagecontent>
            <row-col1 j:skin="skins.box8" jcr:mixinTypes="jmix:style jmix:skinnable" jcr:primaryType="jnt:contentList" j:style="blue">
              <mainResourceDisplay jcr:primaryType="jnt:mainResourceDisplay" />
              <document-history j:skin="skins.box8" jcr:mixinTypes="jmix:skinnable jmix:style" jcr:primaryType="jnt:contentList" j:style="grey">
                <j:translation_en jcr:language="en" jcr:mixinTypes="mix:title" jcr:title="Comments" jcr:primaryType="jnt:translation" />
                <commentsList jcr:primaryType="jnt:commentsList" j:bindedComponent="/templateSets/blog/templates/base/blog-content/row-col1/mainResourceDisplay" />
                <addComment jcr:mixinTypes="jmix:requiredPermissions" j:requiredPermissions="/permissions/actions/blog/commentBlog" j:requiredMode="live" jcr:primaryType="jnt:addComment" j:requireLoggedUser="false" j:bindedComponent="/templateSets/blog/templates/base/blog-content/row-col1/mainResourceDisplay" />
              </document-history>
              <j:translation_en jcr:language="en" jcr:mixinTypes="mix:title" jcr:title="Blog content" jcr:primaryType="jnt:translation" />
            </row-col1>
            <row-col2 jcr:mixinTypes="jmix:style" jcr:primaryType="jnt:contentList">
              <jahiapp-blog-logo.png j:node="/templateSets/blog/templates/base/blog-home/row-col2/jahiapp-blog-logo.png" jcr:primaryType="jnt:contentReference" />
              <back-to-parent-page jcr:primaryType="jnt:backToParentPage">
                <j:translation_en jcr:language="en" jcr:mixinTypes="mix:title" jcr:title="Back to parent page" jcr:primaryType="jnt:translation" />
              </back-to-parent-page>
            </row-col2>
          </blog-content>
          <blog-new jcr:primaryType="jnt:pageTemplate" j:hiddenTemplate="true">
            <pagecontent jcr:primaryType="jnt:contentList">
              <row column="2col115" jcr:primaryType="jnt:row" />
            </pagecontent>
            <row-col1 j:skin="skins.box8" jcr:mixinTypes="jmix:style jmix:skinnable" jcr:primaryType="jnt:contentList" j:style="blue">
              <blogEntryFormCreation jcr:mixinTypes="jmix:requiredPermissions" j:requiredMode="live" jcr:primaryType="jnt:blogEntryFormCreation" j:requireLoggedUser="false" />
              <j:translation_en jcr:language="en" jcr:mixinTypes="mix:title" jcr:title="Blog new" jcr:primaryType="jnt:translation" />
            </row-col1>
            <row-col2 jcr:primaryType="jnt:contentList">
              <jahiapp-blog-logo.png j:node="/templateSets/blog/templates/base/blog-home/row-col2/jahiapp-blog-logo.png" jcr:primaryType="jnt:contentReference" />
            </row-col2>
          </blog-new>
        </base>
        <contents jcr:primaryType="jnt:contentFolder" />
        <files jcr:primaryType="jnt:folder">
          <jahiapp-blog-logo.png jcr:mixinTypes="jmix:image" jcr:primaryType="jnt:file" j:height="66" j:width="129">
            <jcr:content jcr:mimeType="image/png" jcr:primaryType="jnt:resource" />
            <thumbnail jcr:mimeType="image/png" jcr:primaryType="jnt:resource" />
            <thumbnail2 jcr:mimeType="image/png" jcr:primaryType="jnt:resource" />
          </jahiapp-blog-logo.png>
        </files>
      </templates>
    </blog>
  </templateSets>
      <permissions jcr:primaryType="jnt:permission">
        <actions jcr:primaryType="jnt:permission">
            <blog jcr:primaryType="jnt:permission">
                <createNewBlog jcr:primaryType="jnt:permission"/>
                <commentBlog jcr:primaryType="jnt:permission"/>
                <addBlogEntry jcr:primaryType="jnt:permission"/>
                <editBlogEntry jcr:primaryType="jnt:permission"/>
            </blog>
        </actions>	
    </permissions>

    <roles>
        <visitor jcr:primaryType="jnt:role"
                 j:permissions="/permissions/actions/blog/createNewBlog /permissions/actions/blog/commentBlog"/>
    </roles>
</content>