<?xml version="1.0" encoding="UTF-8"?>
<content xmlns:jcr="http://www.jcp.org/jcr/1.0" xmlns:nt="http://www.jcp.org/jcr/nt/1.0" xmlns:jnt="http://www.jahia.org/jahia/nt/1.0" xmlns:sv="http://www.jcp.org/jcr/sv/1.0" xmlns:jmix="http://www.jahia.org/jahia/mix/1.0" xmlns:j="http://www.jahia.org/jahia/1.0" xmlns:mix="http://www.jcp.org/jcr/mix/1.0" xmlns:rep="internal">
  <templateSets jcr:primaryType="jnt:templateSets">
    <templates-web-blue jcr:mixinTypes="jmix:sitemap" jcr:primaryType="jnt:virtualsite" changefreq="monthly" j:installedModules="templates-web-blue" priority="0.5"  j:siteType="templatesSet">
      <home jcr:mixinTypes="jmix:sitemap" jcr:primaryType="jnt:page" changefreq="monthly" j:templateNode="/templateSets/templates-web-blue/templates/base/home" priority="0.5">
        <header-col1 jcr:primaryType="jnt:contentList">
          <header-left jcr:primaryType="jnt:absoluteArea" j:allowedTypes="" />
        </header-col1>
        <header-col2 jcr:primaryType="jnt:contentList">
          <header-right jcr:primaryType="jnt:absoluteArea" j:allowedTypes="" />
        </header-col2>
        <header-left jcr:primaryType="jnt:contentList" />
      </home>
      <contents jcr:primaryType="jnt:contentFolder" />
      <files jcr:primaryType="jnt:folder" />
      <portlets jcr:primaryType="jnt:portletFolder" />
      <templates jcr:primaryType="jnt:templatesFolder">
        <base jcr:mixinTypes="jmix:renderable jmix:theme" jcr:primaryType="jnt:template" j:view="templates-web-blue">
          <home jcr:mixinTypes="jmix:renderable" jcr:primaryType="jnt:pageTemplate" j:view="templates-web-blue">
            <pagecontent jcr:primaryType="jnt:contentList">
              <content jcr:primaryType="jnt:customRow" customColumn="10 alpha,6 omega" />
            </pagecontent>
            <content-col2 jcr:primaryType="jnt:contentList">
              <aside jcr:primaryType="jnt:area" j:allowedTypes="" />
            </content-col2>
            <content-col1 jcr:primaryType="jnt:contentList">
              <maincontent jcr:primaryType="jnt:area" j:allowedTypes="" />
            </content-col1>
            <illustration jcr:primaryType="jnt:contentList">
              <illustration jcr:primaryType="jnt:area" j:areaView="easySlider-content" j:allowedTypes="jnt:banner" />
            </illustration>
          </home>
          <simple jcr:primaryType="jnt:pageTemplate">
            <pagecontent jcr:primaryType="jnt:contentList">
              <content jcr:primaryType="jnt:customRow" customColumn="10 alpha, 6 omega noprint" />
            </pagecontent>
            <illustration jcr:primaryType="jnt:contentList">
              <illustration j:level="1" jcr:primaryType="jnt:levelAbsoluteArea" j:allowedTypes="jnt:imageReference" />
            </illustration>
            <content-col2 jcr:primaryType="jnt:contentList">
              <navMenu j:maxDepth="3" jcr:primaryType="jnt:navMenu" j:baselineNode="/templateSets/templates-web-blue/home" j:menuItemView="menuElement" j:startLevel="1" j:styleName="navigationN2-2" />
              <Right-column jcr:primaryType="jnt:area" j:allowedTypes="" />
            </content-col2>
            <content-col1 jcr:primaryType="jnt:contentList">
              <pagetitle jcr:primaryType="jnt:pageTitle" />
              <pageBreadcrumb jcr:primaryType="jnt:pageBreadcrumb" displayCurrentPage="true" displayHome="true" displayLinkOnCurrentPage="false" />
                <maincontent j:canOrderInContribution="true" jcr:mixinTypes="jmix:contributeMode" j:canDeleteInContribution="true" jcr:primaryType="jnt:area" j:contributeTypes="jnt:mainContent jnt:bigText" j:allowedTypes="" j:editableInContribution="true" />
              <add-comments jcr:primaryType="jnt:addComment" j:bindedComponent="/templateSets/templates-web-blue/templates/base/simple/content-col1/maincontent" />
              <comments-list jcr:primaryType="jnt:commentsList" j:bindedComponent="/templateSets/templates-web-blue/templates/base/simple/content-col1/maincontent" />
            </content-col1>
          </simple>
          <pagecontent jcr:primaryType="jnt:contentList">
            <header divID="header" jcr:primaryType="jnt:customRow" customColumn="6,10" />
            <headerBottom principalColumn="1" divID="headerBottom" jcr:primaryType="jnt:customRow" customColumn="16" />
            <illustration principalColumn="1" divID="illustration" jcr:primaryType="jnt:customRow" customColumn="16" />
            <content principalColumn="1" divID="content" jcr:primaryType="jnt:customRow" customColumn="16" />
            <footerTop divClass=" noprint" divID="footerTop" jcr:primaryType="jnt:customRow" customColumn="4,4,4,4" />
            <footer divID="footer" jcr:primaryType="jnt:customRow" customColumn="8,8" />
          </pagecontent>
          <headerBottom-colContent jcr:primaryType="jnt:contentList">
            <navMenu j:maxDepth="1" jcr:primaryType="jnt:navMenu" j:baselineNode="/templateSets/templates-web-blue/home" j:menuItemView="menuElement" j:startLevel="0" j:styleName="navigationN1" />
          </headerBottom-colContent>
          <header-col1 jcr:primaryType="jnt:contentList">
            <header-left jcr:primaryType="jnt:absoluteArea" j:allowedTypes="" />
          </header-col1>
          <footerTop-col1 jcr:primaryType="jnt:contentList">
            <topfooter1 jcr:primaryType="jnt:absoluteArea" j:allowedTypes="" />
          </footerTop-col1>
          <footerTop-col2 jcr:primaryType="jnt:contentList">
            <topfooter2 jcr:primaryType="jnt:absoluteArea" j:allowedTypes="" />
          </footerTop-col2>
          <footerTop-col3 jcr:primaryType="jnt:contentList">
            <topfooter3 jcr:primaryType="jnt:absoluteArea" j:allowedTypes="" />
          </footerTop-col3>
          <footer-col1 jcr:primaryType="jnt:contentList">
            <footer-left jcr:primaryType="jnt:absoluteArea" j:allowedTypes="" />
          </footer-col1>
          <content-colContent jcr:primaryType="jnt:contentList">
            <pagecontent jcr:primaryType="jnt:area" j:allowedTypes="" />
          </content-colContent>
          <header-col2 jcr:primaryType="jnt:contentList">
            <Header-right jcr:primaryType="jnt:absoluteArea" j:allowedTypes="" />
          </header-col2>
          <footerTop-col4 jcr:primaryType="jnt:contentList">
            <topfooter4 jcr:primaryType="jnt:absoluteArea" j:allowedTypes="" />
          </footerTop-col4>
          <footer-col2 jcr:primaryType="jnt:contentList">
            <footer-right jcr:primaryType="jnt:absoluteArea" j:allowedTypes="" />
          </footer-col2>
          <illustration-colContent jcr:primaryType="jnt:contentList">
            <illustration jcr:primaryType="jnt:area" j:allowedTypes="" />
          </illustration-colContent>
          <events jcr:primaryType="jnt:pageTemplate">
            <pagecontent jcr:primaryType="jnt:contentList">
              <row1 column="2col115" jcr:primaryType="jnt:row" />
            </pagecontent>
            <row1-col1 jcr:primaryType="jnt:contentList">
              <pageTitle jcr:primaryType="jnt:pageTitle" />
              <breadcrumb jcr:primaryType="jnt:pageBreadcrumb" displayCurrentPage="true" displayHome="true" displayLinkOnCurrentPage="false" />
              <listA jcr:primaryType="jnt:area" />
              <events j:canOrderInContribution="true" jcr:mixinTypes="jmix:contributeMode" j:canDeleteInContribution="true" jcr:primaryType="jnt:area" j:contributeTypes="jnt:event" j:allowedTypes="jnt:event" j:editableInContribution="true" />
            </row1-col1>
            <row1-col2 jcr:primaryType="jnt:contentList">
              <side-menu j:maxDepth="3" jcr:primaryType="jnt:navMenu" j:baselineNode="/templateSets/templates-web-blue/home" j:startLevel="1" j:styleName="navigationN2" />
              <calendar startDateProperty="startDate" endDateProperty="endDate" jcr:primaryType="jnt:calendar" j:bindedComponent="/templateSets/templates-web-blue/templates/base/events/row1-col1/events" />
              <facets jcr:primaryType="jnt:facets" j:bindedComponent="/templateSets/templates-web-blue/templates/base/events/row1-col1/events">
                <fieldFacet mincount="1" field="jnt:event;eventsType" jcr:primaryType="jnt:fieldFacet" missing="false" facet="type" offset="0" limit="100">
                  <j:translation_en jcr:language="en" label="Type" jcr:primaryType="jnt:translation" />
                </fieldFacet>
                <fieldFacet-1 mincount="1" field="jmix:categorized;j:defaultCategory" jcr:primaryType="jnt:fieldFacet" missing="false" facet="Categories" offset="0" limit="100">
                  <j:translation_en jcr:language="en" label="Categories" jcr:primaryType="jnt:translation" />
                </fieldFacet-1>
              </facets>
            </row1-col2>
            <illustration jcr:primaryType="jnt:contentList">
              <illustration j:level="1" jcr:primaryType="jnt:levelAbsoluteArea" j:allowedTypes="jnt:imageReference" />
            </illustration>
          </events>
          <news-template jcr:primaryType="jnt:contentTemplate" j:applyOn="jnt:news" j:defaultTemplate="true">
            <pagecontent jcr:primaryType="jnt:contentList">
              <row column="1col16" jcr:primaryType="jnt:row" />
            </pagecontent>
            <row-col1 jcr:primaryType="jnt:contentList">
              <mainResourceDisplay j:mainResourceView="fullpage" jcr:primaryType="jnt:mainResourceDisplay" />
            </row-col1>
          </news-template>
          <news jcr:primaryType="jnt:pageTemplate">
            <pagecontent jcr:primaryType="jnt:contentList">
              <content jcr:primaryType="jnt:customRow" customColumn="10 alpha, 6 omega noprint" />
            </pagecontent>
            <illustration jcr:primaryType="jnt:contentList">
              <illustration j:level="1" jcr:primaryType="jnt:levelAbsoluteArea" j:allowedTypes="jnt:imageReference" />
            </illustration>
            <content-col2 jcr:primaryType="jnt:contentList">
              <navMenu j:maxDepth="3" jcr:primaryType="jnt:navMenu" j:baselineNode="/templateSets/templates-web-blue/home" j:menuItemView="menuElement" j:startLevel="1" j:styleName="navigationN2-2" />
              <Right-column jcr:primaryType="jnt:area" j:allowedTypes="" />
            </content-col2>
            <content-col1 jcr:primaryType="jnt:contentList">
              <pagetitle jcr:primaryType="jnt:pageTitle" />
              <pageBreadcrumb jcr:primaryType="jnt:pageBreadcrumb" displayCurrentPage="true" displayHome="true" displayLinkOnCurrentPage="false" />
              <maincontent j:canOrderInContribution="true" jcr:mixinTypes="jmix:contributeMode" j:canDeleteInContribution="true" jcr:primaryType="jnt:area" j:contributeTypes="jnt:news" j:allowedTypes="jnt:news" j:editableInContribution="true" />
            </content-col1>
          </news>
          <full-page jcr:primaryType="jnt:pageTemplate">
            <pagecontent jcr:primaryType="jnt:contentList">
              <row column="1col16" jcr:primaryType="jnt:row" />
            </pagecontent>
            <illustration jcr:primaryType="jnt:contentList">
              <illustration j:level="1" jcr:primaryType="jnt:levelAbsoluteArea" j:allowedTypes="jnt:imageReference" />
            </illustration>
            <content-col2 jcr:primaryType="jnt:contentList" />
            <content-col1 jcr:primaryType="jnt:contentList" />
            <row-col1 jcr:primaryType="jnt:contentList">
              <pagetitle jcr:primaryType="jnt:pageTitle" />
              <pageBreadcrumb jcr:primaryType="jnt:pageBreadcrumb" displayCurrentPage="true" displayHome="true" displayLinkOnCurrentPage="false" />
              <maincontent jcr:primaryType="jnt:area" j:allowedTypes="" />
            </row-col1>
          </full-page>
          <publications jcr:primaryType="jnt:pageTemplate">
            <pagecontent jcr:primaryType="jnt:contentList">
              <row1 column="2col115" jcr:primaryType="jnt:row" />
            </pagecontent>
            <row1-col1 jcr:primaryType="jnt:contentList">
              <pageTitle jcr:primaryType="jnt:pageTitle" />
              <breadcrumb jcr:primaryType="jnt:pageBreadcrumb" displayCurrentPage="true" displayHome="true" displayLinkOnCurrentPage="false" />
              <listA jcr:primaryType="jnt:area" />
              <publications jcr:primaryType="jnt:area" j:allowedTypes="jnt:publication" />
            </row1-col1>
            <row1-col2 jcr:primaryType="jnt:contentList">
              <facets jcr:primaryType="jnt:facets" j:bindedComponent="/templateSets/templates-web-blue/templates/base/publications/row1-col1/publications">
                <fieldFacet-1 mincount="1" field="jmix:categorized;j:defaultCategory" jcr:primaryType="jnt:fieldFacet" missing="false" facet="Categories" offset="0" limit="100">
                  <j:translation_en label="Categories" jcr:language="en" jcr:primaryType="jnt:translation" />
                </fieldFacet-1>
              </facets>
            </row1-col2>
            <illustration jcr:primaryType="jnt:contentList">
              <illustration j:level="1" jcr:primaryType="jnt:levelAbsoluteArea" j:allowedTypes="jnt:imageReference" />
            </illustration>
          </publications>
        </base>
        <contents jcr:primaryType="jnt:contentFolder" />
        <files jcr:primaryType="jnt:folder">
          <themes jcr:primaryType="jnt:folder">
            <default jcr:primaryType="jnt:folder" />
            <theme-orange jcr:primaryType="jnt:folder">
              <theme-orange jcr:primaryType="jnt:folder">
                <img jcr:primaryType="jnt:folder">
                  <header-bg.png jcr:mixinTypes="jmix:image" jcr:primaryType="jnt:file" j:height="120" j:width="14">
                    <jcr:content jcr:mimeType="image/png" jcr:primaryType="jnt:resource" />
                    <thumbnail jcr:mimeType="image/png" jcr:primaryType="jnt:resource" />
                    <thumbnail2 jcr:mimeType="image/png" jcr:primaryType="jnt:resource" />
                  </header-bg.png>
                </img>
              </theme-orange>
              <theme-orange.css jcr:primaryType="jnt:file">
                <jcr:content jcr:mimeType="text/css" jcr:primaryType="jnt:resource" />
              </theme-orange.css>
            </theme-orange>
          </themes>
        </files>
      </templates>
      <search-results jcr:mixinTypes="jmix:sitemap" jcr:primaryType="jnt:page" changefreq="monthly" j:templateNode="/templateSets/templates-web-blue/templates/base/full-page" priority="0.5">
        <j:translation_en jcr:language="en" jcr:mixinTypes="mix:title" jcr:title="Search results" jcr:primaryType="jnt:translation" />
        <maincontent jcr:primaryType="jnt:contentList">
          <advanced-search jcr:primaryType="jnt:advancedSearchForm">
            <j:translation_en jcr:language="en" jcr:mixinTypes="mix:title" jcr:title="Advanced search" jcr:primaryType="jnt:translation" />
          </advanced-search>
          <search-results autoSuggest="true" jcr:primaryType="jnt:searchResults" autoSuggestHitCount="2" autoSuggestMinimumHitCount="2">
            <j:translation_en jcr:language="en" jcr:mixinTypes="mix:title" jcr:title="Search results" jcr:primaryType="jnt:translation" />
          </search-results>
        </maincontent>
      </search-results>
    </templates-web-blue>
  </templateSets>
</content>

