<?xml version="1.0" encoding="UTF-8"?>
<content xmlns:jcr="http://www.jcp.org/jcr/1.0" xmlns:nt="http://www.jcp.org/jcr/nt/1.0" xmlns:jnt="http://www.jahia.org/jahia/nt/1.0" xmlns:test="http://www.apache.org/jackrabbit/test" xmlns:sv="http://www.jcp.org/jcr/sv/1.0" xmlns:jmix="http://www.jahia.org/jahia/mix/1.0" xmlns:j="http://www.jahia.org/jahia/1.0" xmlns:mix="http://www.jcp.org/jcr/mix/1.0" xmlns:rep="internal">
  <templateSets jcr:primaryType="jnt:templateSets">
    <wiki j:siteType="module" j:wcagCompliance="true" jcr:mixinTypes="jmix:sitemap" jcr:primaryType="jnt:virtualsite" changefreq="monthly" j:installedModules="wiki" priority="0.5">
      <home jcr:mixinTypes="jmix:sitemap" jcr:primaryType="jnt:page" changefreq="monthly" j:templateNode="/templateSets/wiki/templates/base/wiki" priority="0.5" />
      <contents jcr:primaryType="jnt:contentFolder" />
      <files jcr:primaryType="jnt:folder">
        <jahiapp-wiki.png jcr:mixinTypes="jmix:image" jcr:primaryType="jnt:file" j:height="50" j:width="116">
          <jcr:content jcr:mimeType="image/png" jcr:primaryType="jnt:resource" />
          <thumbnail jcr:mimeType="image/png" jcr:primaryType="jnt:resource" />
          <thumbnail2 jcr:mimeType="image/png" jcr:primaryType="jnt:resource" />
        </jahiapp-wiki.png>
      </files>
      <portlets jcr:primaryType="jnt:portletFolder" />
      <templates jcr:primaryType="jnt:templatesFolder">
        <base jcr:mixinTypes="jmix:theme" jcr:primaryType="jnt:template" j:view="apps">
          <wiki jcr:primaryType="jnt:pageTemplate">
            <pagecontent jcr:primaryType="jnt:contentList">
              <row column="2col124" jcr:primaryType="jnt:row" />
            </pagecontent>
            <information jcr:primaryType="jnt:contentList" />
            <row-col1 jcr:primaryType="jnt:contentList">
              <lists jcr:primaryType="jnt:tabularList">
                <welcome jcr:primaryType="jnt:contentList">
                  <welcome jcr:primaryType="jnt:area" j:allowedTypes="" />
                  <j:translation_en jcr:language="en" jcr:mixinTypes="mix:title" jcr:title="Welcome" jcr:primaryType="jnt:translation" />
                </welcome>
                <create-new-page j:skin="skins.box8" jcr:mixinTypes="jmix:skinnable jmix:style" jcr:primaryType="jnt:contentList" j:style="blue">
                  <new-article jcr:mixinTypes="jmix:requiredPermissions" j:requiredMode="live" jcr:primaryType="jnt:wikiPageFormCreation" j:requireLoggedUser="false">
                    <j:translation_en jcr:language="en" jcr:mixinTypes="mix:title" jcr:title="New Article" jcr:primaryType="jnt:translation" />
                  </new-article>
                  <j:translation_en jcr:language="en" jcr:mixinTypes="mix:title" jcr:title="Create New Article" jcr:primaryType="jnt:translation" />
                </create-new-page>
                <latest-articles j:skin="skins.box8" jcr:mixinTypes="jmix:skinnable jmix:style" jcr:primaryType="jnt:contentList" j:style="blue">
                  <j:translation_en jcr:language="en" jcr:mixinTypes="mix:title" jcr:title="Latest Articles" jcr:primaryType="jnt:translation" />
                  <contentRetrieval j:classname="hilightList" maxItems="20" j:criteria="jcr:created" j:skin="skins.custom" jcr:mixinTypes="jmix:renderable jmix:skinnable jmix:customSkin" j:type="jnt:wikiPage" jcr:primaryType="jnt:contentRetrieval" j:view="linkList" j:sortDirection="asc">
                    <j:translation_en jcr:language="en" j:noResultsMessage="No Page Yet" jcr:primaryType="jnt:translation" />
                  </contentRetrieval>
                </latest-articles>
              </lists>
            </row-col1>
            <row-col2 jcr:primaryType="jnt:contentList">
              <jahiapp-wiki-logo.png j:node="/templateSets/wiki/templates/base/wiki-content/row-col2/jahiapp-wiki-logo.png" jcr:primaryType="jnt:contentReference" />
              <wiki-search j:skin="skins.box8" jcr:mixinTypes="jmix:style jmix:skinnable" jcr:primaryType="jnt:contentList" j:style="yellow">
                <j:translation_en jcr:language="en" jcr:mixinTypes="mix:title" jcr:title="Wiki search" jcr:primaryType="jnt:translation" />
                <simpleSearchForm result="/templateSets/wiki/search-result" jcr:primaryType="jnt:simpleSearchForm">
                  <j:translation_en jcr:language="en" jcr:mixinTypes="mix:title" jcr:title="Search" jcr:primaryType="jnt:translation" />
                </simpleSearchForm>
              </wiki-search>
              <wiki-syntax j:skin="skins.box8" jcr:mixinTypes="jmix:style jmix:skinnable" jcr:primaryType="jnt:contentList" j:style="mushroom">
                <j:translation_en jcr:language="en" jcr:mixinTypes="mix:title" jcr:title="Wiki syntax" jcr:primaryType="jnt:translation" />
                <bigText jcr:primaryType="jnt:bigText">
                  <j:translation_en jcr:language="en" jcr:primaryType="jnt:translation" text="&lt;ul class=&quot;simple&quot;&gt;  &lt;li&gt;   [[link]]&lt;/li&gt;  &lt;li&gt;   **bold**&lt;/li&gt;  &lt;li&gt;   __underline__&lt;/li&gt;  &lt;li&gt;   //italic//&lt;/li&gt;  &lt;li&gt;   --strike--&lt;/li&gt;  &lt;li&gt;   ^^superscript^^&lt;/li&gt;  &lt;li&gt;   ,,subscript,,&lt;/li&gt;  &lt;li&gt;   = level 1 =&lt;/li&gt;  &lt;li&gt;   == level 2 ==&lt;/li&gt;  &lt;li&gt;   * list item level 1&lt;/li&gt;  &lt;li&gt;   ** list item level 2&lt;/li&gt; &lt;/ul&gt; " />
                </bigText>
              </wiki-syntax>
            </row-col2>
          </wiki>
          <wiki-content j:requiredMode="live" jcr:primaryType="jnt:contentTemplate" j:applyOn="jnt:wikiPage" j:defaultTemplate="true">
            <pagecontent jcr:primaryType="jnt:contentList">
              <row column="2col124" jcr:primaryType="jnt:row" />
            </pagecontent>
            <row-col1 jcr:primaryType="jnt:contentList">
              <tabularList jcr:primaryType="jnt:tabularList">
                <pagecontent j:skin="skins.box8" jcr:mixinTypes="jmix:style jmix:skinnable" jcr:primaryType="jnt:contentList" j:style="blue">
                  <j:translation_en jcr:language="en" jcr:mixinTypes="mix:title" jcr:title="Content" jcr:primaryType="jnt:translation" />
                  <mainResourceDisplay j:mainResourceView="syntax" jcr:primaryType="jnt:mainResourceDisplay" />
                </pagecontent>
                <contribute j:skin="skins.box8" jcr:mixinTypes="jmix:style jmix:requiredPermissions jmix:skinnable" j:requiredPermissions="/permissions/actions/wiki/editWikiContent" jcr:primaryType="jnt:contentList" j:requireLoggedUser="false" j:style="blue">
                  <j:translation_en jcr:language="en" jcr:mixinTypes="mix:title" jcr:title="Contribute" jcr:primaryType="jnt:translation" />
                  <mainResourceDisplay j:mainResourceView="contribute" jcr:primaryType="jnt:mainResourceDisplay" />
                </contribute>
                <history j:skin="skins.box8" jcr:mixinTypes="jmix:style jmix:requiredPermissions jmix:skinnable" j:requiredPermissions="/permissions/actions/wiki/viewWikiHistory" jcr:primaryType="jnt:contentList" j:requireLoggedUser="false" j:style="blue">
                  <j:translation_en jcr:language="en" jcr:mixinTypes="mix:title" jcr:title="History" jcr:primaryType="jnt:translation" />
                  <history j:mainResourceView="history" jcr:primaryType="jnt:mainResourceDisplay" />
                  <compare-results j:skin="skins.box6" jcr:mixinTypes="jmix:skinnable jmix:style" jcr:primaryType="jnt:contentList" j:style="blue">
                    <j:translation_en jcr:language="en" jcr:mixinTypes="mix:title" jcr:title="Compare results" jcr:primaryType="jnt:translation" />
                    <compare j:mainResourceView="compare" jcr:primaryType="jnt:mainResourceDisplay" />
                  </compare-results>
                </history>
              </tabularList>
            </row-col1>
            <rol-col2 jcr:primaryType="jnt:contentList" />
            <row-col2 jcr:primaryType="jnt:contentList">
              <jahiapp-wiki-logo.png j:node="/templateSets/wiki/templates/files/jahiapp-wiki-logo.png" jcr:primaryType="jnt:imageReference">
                <j:translation_en jcr:language="en" j:alternateText="jahiapp wiki" jcr:primaryType="jnt:translation" />
              </jahiapp-wiki-logo.png>
              <contentInfo jcr:primaryType="jnt:contentInfo" j:bindedComponent="/templateSets/wiki/templates/base/wiki-content/row-col1/tabularList/pagecontent/mainResourceDisplay" />
              <wiki-search j:skin="skins.box8" jcr:mixinTypes="jmix:skinnable jmix:style" jcr:primaryType="jnt:contentList" j:style="yellow">
                <j:translation_en jcr:language="en" jcr:mixinTypes="mix:title" jcr:title="Wiki search" jcr:primaryType="jnt:translation" />
                <search result="/templateSets/wiki/search-result" jcr:primaryType="jnt:simpleSearchForm">
                  <j:translation_en jcr:language="en" jcr:mixinTypes="mix:title" jcr:title="Search" jcr:primaryType="jnt:translation" />
                </search>
              </wiki-search>
              <wiki-syntax j:skin="skins.box8" jcr:mixinTypes="jmix:skinnable jmix:style" jcr:primaryType="jnt:contentList" j:style="mushroom">
                <j:translation_en jcr:language="en" jcr:mixinTypes="mix:title" jcr:title="Wiki syntax" jcr:primaryType="jnt:translation" />
                <bigText jcr:primaryType="jnt:bigText">
                  <j:translation_en jcr:language="en" jcr:primaryType="jnt:translation" text="&lt;ul class=&quot;listwiki&quot;&gt;  &lt;li&gt;[[link]]&lt;/li&gt;  &lt;li&gt;**bold**&lt;/li&gt;  &lt;li&gt;__underline__&lt;/li&gt;  &lt;li&gt;//italic//&lt;/li&gt;  &lt;li&gt;--strike--&lt;/li&gt;  &lt;li&gt;^^superscript^^&lt;/li&gt;  &lt;li&gt;,,subscript,,&lt;/li&gt;  &lt;li&gt;= level 1 =&lt;/li&gt;  &lt;li&gt;== level 2 ==&lt;/li&gt;  &lt;li&gt;* list item level 1&lt;/li&gt;  &lt;li&gt;** list item level 2&lt;/li&gt; &lt;/ul&gt;" />
                </bigText>
              </wiki-syntax>
            </row-col2>
            <information jcr:primaryType="jnt:contentList">
              <contentInfo jcr:primaryType="jnt:contentInfo" j:bindedComponent="/templateSets/wiki/templates/base/wiki-content/row-col1/tabularList/pagecontent/mainResourceDisplay" />
            </information>
          </wiki-content>
          <wiki-searchResults jcr:primaryType="jnt:pageTemplate" j:hiddenTemplate="false" />
          <row column="2col124" jcr:primaryType="jnt:row" />
          <row-col2 jcr:primaryType="jnt:contentList">
            <search jcr:primaryType="jnt:simpleSearchForm">
              <j:translation_en jcr:language="en" jcr:mixinTypes="mix:title" jcr:title="Search" jcr:primaryType="jnt:translation" />
            </search>
            <information jcr:primaryType="jnt:area" j:allowedTypes="" />
          </row-col2>
        </base>
        <contents jcr:primaryType="jnt:contentFolder" />
        <files jcr:primaryType="jnt:folder">
          <jahiapp-wiki-logo.png jcr:mixinTypes="jmix:image" jcr:primaryType="jnt:file" j:height="60" j:width="116">
            <jcr:content jcr:mimeType="image/png" jcr:primaryType="jnt:resource" />
            <thumbnail jcr:mimeType="image/png" jcr:primaryType="jnt:resource" />
            <thumbnail2 jcr:mimeType="image/png" jcr:primaryType="jnt:resource" />
          </jahiapp-wiki-logo.png>
        </files>
      </templates>
      <search-result jcr:mixinTypes="jmix:sitemap" jcr:primaryType="jnt:page" changefreq="monthly" j:templateNode="/templateSets/wiki/templates/base/wiki-searchResults" priority="0.5">
        <j:translation_en jcr:language="en" jcr:mixinTypes="mix:title" jcr:title="Wiki Search Results" jcr:primaryType="jnt:translation" />
        <pagecontent jcr:primaryType="jnt:contentList">
          <search-results autoSuggest="true" jcr:primaryType="jnt:searchResults" autoSuggestHitCount="2" autoSuggestMinimumHitCount="2">
            <j:translation_en jcr:language="en" jcr:mixinTypes="mix:title" jcr:title="Search Results" jcr:primaryType="jnt:translation" />
          </search-results>
        </pagecontent>
      </search-result>
    </wiki>
  </templateSets>
        <permissions jcr:primaryType="jnt:permission">
        <actions jcr:primaryType="jnt:permission">
            <wiki jcr:primaryType="jnt:permission">
                <editWikiContent jcr:primaryType="jnt:permission"/>
                <viewWikiHistory jcr:primaryType="jnt:permission"/>
            </wiki>
        </actions>
    </permissions>

    <roles>
        <visitor jcr:primaryType="jnt:role"
                 j:permissions="/permissions/actions/wiki"/>
    </roles>
</content>

