<?xml version="1.0" encoding="UTF-8"?>
<jahia:serverPermissions xmlns:jahia="http://www.jahia.org/">
    <jahia:serverPermission jahia:name="admin.audit.ManageLogs"></jahia:serverPermission>
    <jahia:serverPermission jahia:name="admin.categories.ManageCategories"></jahia:serverPermission>
    <jahia:serverPermission jahia:name="admin.components.ManageShareComponents"></jahia:serverPermission>
    <jahia:serverPermission jahia:name="admin.info.LicenseInfo"></jahia:serverPermission>
    <jahia:serverPermission jahia:name="admin.permissions.ManageServerPermissions"></jahia:serverPermission>
    <jahia:serverPermission jahia:name="admin.pwdpolicy.ManagePasswordPolicies"></jahia:serverPermission>
    <jahia:serverPermission jahia:name="admin.server.ManageServer"></jahia:serverPermission>
    <jahia:serverPermission jahia:name="admin.server.ViewPatches"></jahia:serverPermission>
    <jahia:serverPermission jahia:name="admin.sites.ManageSites"></jahia:serverPermission>
    <jahia:serverPermission jahia:name="admin.status.ManageStatus"></jahia:serverPermission>
    <jahia:serverPermission jahia:name="admin.users.ManageSuperAdminProps"></jahia:serverPermission>
</jahia:serverPermissions>

