<?xml version="1.0" encoding="UTF-8"?>
<jahia:users xmlns:jahia="http://www.jahia.org/">
    <jahia:user jahia:email="admin@jahia.com" jahia:lastLoginDate="1241185742062" jahia:lastname="Super Administrator" jahia:firstname="Jahia" jahia:name="root" jahia:password="SHA-1:B1ZQLtup8YLYX8/MrygHxoKj0n0="></jahia:user>
    <jahia:user jahia:organization="ACME" jahia:password.history.1236156010852="W6ph5Mm5Pz8GgiULbPgzG37mj9g=" jahia:lastLoginDate="1233158564543" jahia:password.history.1233166887121="W6ph5Mm5Pz8GgiULbPgzG37mj9g=" jahia:firstname="John" jahia:preferredLanguage="en" jahia:password.history.1233254818645="W6ph5Mm5Pz8GgiULbPgzG37mj9g=" jahia:emailNotificationsDisabled="true" jahia:lastname="Mac Cormick" jahia:email="" jahia:password.history.1233153594099="W6ph5Mm5Pz8GgiULbPgzG37mj9g=" jahia:password.history.1236677501781="W6ph5Mm5Pz8GgiULbPgzG37mj9g=" jahia:password.history.1233222471542="W6ph5Mm5Pz8GgiULbPgzG37mj9g=" jahia:password.history.1233149658410="W6ph5Mm5Pz8GgiULbPgzG37mj9g=" jahia:password.history.1236696399125="W6ph5Mm5Pz8GgiULbPgzG37mj9g=" jahia:password.history.1241185022859="W6ph5Mm5Pz8GgiULbPgzG37mj9g=" jahia:name="author" jahia:password="SHA-1:W6ph5Mm5Pz8GgiULbPgzG37mj9g="></jahia:user>
    <jahia:user jahia:password.history.1236677503359="W6ph5Mm5Pz8GgiULbPgzG37mj9g=" jahia:organization="ACME" jahia:password.history.1241185025281="W6ph5Mm5Pz8GgiULbPgzG37mj9g=" jahia:lastLoginDate="1233151317240" jahia:firstname="Jenifer" jahia:preferredLanguage="en" jahia:password.history.1236696401218="W6ph5Mm5Pz8GgiULbPgzG37mj9g=" jahia:emailNotificationsDisabled="true" jahia:lastname="Farell" jahia:password.history.1233166889339="W6ph5Mm5Pz8GgiULbPgzG37mj9g=" jahia:email="" jahia:password.history.1233153596924="W6ph5Mm5Pz8GgiULbPgzG37mj9g=" jahia:password.history.1233254820318="W6ph5Mm5Pz8GgiULbPgzG37mj9g=" jahia:password.history.1236156012586="W6ph5Mm5Pz8GgiULbPgzG37mj9g=" jahia:password.history.1233149729815="W6ph5Mm5Pz8GgiULbPgzG37mj9g=" jahia:password.history.1233222473522="W6ph5Mm5Pz8GgiULbPgzG37mj9g=" jahia:name="publisher" jahia:password="SHA-1:W6ph5Mm5Pz8GgiULbPgzG37mj9g="></jahia:user>
    <jahia:user jahia:password.history.1233254820369="W6ph5Mm5Pz8GgiULbPgzG37mj9g=" jahia:organization="ACME" jahia:preferredLanguage="en" jahia:firstname="Max" jahia:emailNotificationsDisabled="true" jahia:lastname="Dupond" jahia:email="" jahia:password.history.1241185026578="W6ph5Mm5Pz8GgiULbPgzG37mj9g=" jahia:password.history.1236677503421="W6ph5Mm5Pz8GgiULbPgzG37mj9g=" jahia:password.history.1236156012696="W6ph5Mm5Pz8GgiULbPgzG37mj9g=" jahia:password.history.1236696401265="W6ph5Mm5Pz8GgiULbPgzG37mj9g=" jahia:password.history.1233240635341="W6ph5Mm5Pz8GgiULbPgzG37mj9g=" jahia:name="siteadmin" jahia:password="SHA-1:W6ph5Mm5Pz8GgiULbPgzG37mj9g="></jahia:user>
    <jahia:user jahia:organization="ACME" jahia:password.history.1233222473754="W6ph5Mm5Pz8GgiULbPgzG37mj9g=" jahia:lastLoginDate="1233238151917" jahia:password.history.1233254820411="W6ph5Mm5Pz8GgiULbPgzG37mj9g=" jahia:password.history.1233171724499="W6ph5Mm5Pz8GgiULbPgzG37mj9g=" jahia:firstname="Marc" jahia:preferredLanguage="en" jahia:password.history.1236677503531="W6ph5Mm5Pz8GgiULbPgzG37mj9g=" jahia:lastname="Sanders" jahia:email="" jahia:password.history.1236156012774="W6ph5Mm5Pz8GgiULbPgzG37mj9g=" jahia:password.history.1241185028000="W6ph5Mm5Pz8GgiULbPgzG37mj9g=" jahia:password.history.1236696401312="W6ph5Mm5Pz8GgiULbPgzG37mj9g=" jahia:name="visitor" jahia:password="SHA-1:W6ph5Mm5Pz8GgiULbPgzG37mj9g="></jahia:user>
</jahia:users>
